{"cameraMode":{"drawMode":0,"name":"Shaded","section":"Shading Mode"},"sceneLighting":true,"audioPlay":false,"sceneViewState":{"showFog":true,"showMaterialUpdate":true,"showSkybox":true,"showFlares":true,"showImageEffects":true,"showParticleSystems":true,"showVisualEffectGraphs":true,"m_FxEnabled":true},"in2DMode":false,"pivot":{"x":-163.7564239501953,"y":2.794186592102051,"z":24.166107177734376},"rotation":{"x":0.0910724401473999,"y":-0.008650891482830048,"z":0.0007625072612427175,"w":0.9958378076553345},"size":51.94625473022461,"orthographic":false}