{"cameraMode":{"drawMode":0,"name":"Shaded","section":"Shading Mode"},"sceneLighting":true,"audioPlay":false,"sceneViewState":{"showFog":true,"showMaterialUpdate":true,"showSkybox":true,"showFlares":true,"showImageEffects":true,"showParticleSystems":true,"showVisualEffectGraphs":true,"m_FxEnabled":true},"in2DMode":false,"pivot":{"x":9.691949844360352,"y":11.311044692993164,"z":3.513629913330078},"rotation":{"x":0.19473037123680116,"y":0.28821873664855959,"z":-0.06002305448055267,"w":0.9356798529624939},"size":20.972469329833986,"orthographic":false}