{"cameraMode":{"drawMode":0,"name":"Shaded","section":"Shading Mode"},"sceneLighting":true,"audioPlay":false,"sceneViewState":{"showFog":true,"showMaterialUpdate":true,"showSkybox":true,"showFlares":true,"showImageEffects":true,"showParticleSystems":true,"showVisualEffectGraphs":true,"m_FxEnabled":true},"in2DMode":false,"pivot":{"x":-29.990360260009767,"y":-19.768888473510743,"z":182.46954345703126},"rotation":{"x":0.2821049392223358,"y":-0.037111856043338779,"z":0.010887847281992436,"w":0.9586269855499268},"size":370.65081787109377,"orthographic":false}