{"cameraMode":{"drawMode":0,"name":"Shaded","section":"Shading Mode"},"sceneLighting":true,"audioPlay":false,"sceneViewState":{"showFog":true,"showMaterialUpdate":true,"showSkybox":true,"showFlares":true,"showImageEffects":true,"showParticleSystems":true,"showVisualEffectGraphs":true,"m_FxEnabled":true},"in2DMode":false,"pivot":{"x":14.94640064239502,"y":43.13068771362305,"z":52.121150970458987},"rotation":{"x":0.007605776656419039,"y":0.9633830189704895,"z":0.027776584029197694,"w":-0.2666456699371338},"size":30.64757537841797,"orthographic":false}